# ID,H_BETA_FLUX,H_BETA_FLUX_ERR,OIII_5007_FLUX,OIII_5007_FLUX_ERR,NII_6548_FLUX,NII_6548_FLUX_ERR,H_ALPHA_FLUX,H_ALPHA_FLUX_ERR,NII_6584_FLUX,NII_6584_FLUX_ERR,SII_6717_FLUX,SII_6717_FLUX_ERR,AGN,COMPOSITE
3125409,86.58432,3.346837,66.42184,2.4307258,7.475177,0.5123848,253.10156,3.545179,22.54686,1.545469,9.673275,1.4598293,true,false
23355,271.39444,4.537376,2786.207,19.131567,421.42096,2.9294581,1368.8098,10.534632,1271.1029,8.835914,432.6509,5.864027,true,false
32058,19.689219,1.5964729,3.2619731,1.4291466,11.092092,0.5002281,87.898926,1.9721076,33.456306,1.5088019,16.45283,1.3639487,true,false
4539328,223.963,4.5654783,1681.9178,13.695071,228.72717,2.0502572,765.15875,7.262075,689.89386,6.1840425,197.69261,3.8082373,true,false
4523,77.19976,8.925529,84.26802,8.618954,101.87596,5.0843935,161.51205,15.449374,307.28143,15.335688,62.476784,11.013952,true,false
27292,169.88402,4.9186153,226.88977,5.852939,791.28235,4.7936697,1990.7286,14.726956,2386.6902,14.458799,415.60162,7.8614097,true,false
30628,123.97802,6.379846,59.54483,5.8267612,129.90913,3.1365047,745.14825,11.597854,391.83594,9.460412,125.290405,7.6904116,true,false
32033,175.10974,19.013224,97.65997,10.835008,69.40291,5.702345,407.19235,28.121103,209.3352,17.19957,81.87221,14.451654,true,false
32217,58.674065,5.772067,120.35791,6.064553,191.60942,3.2649858,359.20648,10.121474,577.93823,9.84794,244.5137,7.97762,true,false
33494,858.759,12.904003,1476.3602,17.277016,658.4437,6.2240534,3409.9575,27.994596,1986.0184,18.773159,742.70197,14.315327,true,false
35845,31.54426,3.6983016,48.49635,4.203731,48.05818,1.6166829,175.2779,5.1704364,144.95457,4.8762836,55.444546,4.3322625,true,false
36706,468.7243,15.232087,855.33954,18.000889,1002.39197,11.473014,1721.7391,31.776985,3023.4453,34.60522,1400.4806,28.385052,true,false
40581,391.4831,6.731001,263.30222,5.686338,170.16396,2.259387,1594.1039,13.856301,513.2538,6.8148255,363.9076,6.005535,true,false
51473,81.609726,6.1249156,284.06082,7.8416495,133.42953,3.252053,290.63477,9.761251,402.45428,9.808931,135.98781,8.258426,true,false
51792,172.87369,12.107335,246.89528,11.78183,145.88853,5.5803256,635.29175,20.999975,440.0335,16.831532,170.70085,14.734926,true,false
51965,224.13655,9.9669285,481.20004,12.2653055,869.50934,10.338055,1776.4606,30.404581,2622.641,31.181925,1312.8398,25.734184,true,false
52010,231.4108,8.163491,486.312,10.454664,365.44214,4.9118166,1014.56287,15.431884,1102.2579,14.815158,483.72583,12.379916,true,false
52112,163.86237,4.764485,233.37054,4.796714,66.363556,1.263518,515.94684,6.2810073,200.16783,3.8110578,46.459385,2.9594498,true,false
52170,270.92938,7.987888,2314.5176,22.622984,306.43143,4.4458065,982.1227,14.82934,924.268,13.409564,288.14722,10.035103,true,false
54203,31.743729,5.10289,74.29968,5.28104,74.89819,2.3849387,119.87807,6.8410425,225.91026,7.1935177,85.30491,6.15785,true,false
54533,43.23628,9.889313,54.851097,9.573026,69.219,5.3130975,174.97125,16.117168,208.78049,16.02551,11.439993,12.587355,true,false
58130,252.9774,6.2533407,132.13113,4.3523655,63.357365,1.419576,910.83026,9.265769,191.10043,4.2817645,40.437073,3.3003583,true,false
58345,20.015095,3.394949,85.08666,3.951025,41.45484,1.5243093,83.83499,4.6885448,125.03737,4.597664,33.739147,3.7248092,true,false
60610,44.175064,5.821329,198.78587,7.359086,99.656525,2.9068918,230.00041,8.873483,300.58707,8.767848,122.85813,7.7129617,true,false
73887,110.16609,4.156507,251.99374,5.566516,190.08293,2.419195,506.01624,7.2119684,573.334,7.2968426,143.79082,4.964144,true,false
84473,150.21379,5.9362907,496.86813,7.9348397,142.79826,2.2816145,609.0707,8.676067,430.7126,6.881869,53.677647,4.759448,true,false
1191224,100.53297,5.097472,83.136505,5.280802,118.78631,2.5195231,384.42075,7.8210883,358.28693,7.599456,100.86714,5.9044304,true,false
1273103,159.68057,6.285318,342.43268,7.6806717,111.34578,2.4446096,710.0217,10.252366,335.84457,7.3734994,161.49097,6.670928,true,false
1857316,25.692314,3.8273947,184.73198,5.047094,74.85255,1.5998272,146.95442,4.7075906,225.77255,4.825443,40.15118,3.95992,true,false
1866679,55.18983,3.0310144,94.62752,3.8408554,87.47965,1.6689972,346.45746,5.6598134,263.85883,5.0340753,73.00338,3.8422086,true,false
2175550,126.439545,6.9166875,141.7709,7.097423,153.55185,3.6661558,523.90857,12.514764,463.14786,11.0579605,216.45886,9.365336,true,false
2311196,136.31169,6.0791287,457.97482,7.274479,57.069023,1.4952122,794.3992,9.054669,172.13335,4.5099006,76.64614,4.2638993,true,false
3086923,71.955124,7.9306893,157.03154,9.124983,73.56388,3.4055154,241.20932,11.175981,221.88565,10.271811,124.50427,9.671948,true,false
3089053,1007.8621,12.54372,9433.772,59.470627,496.91193,4.8340487,4034.322,29.8525,1498.801,14.580591,553.2784,10.981757,true,false
22350,125.39798,11.881043,278.0402,12.719437,305.98093,7.351118,473.80942,22.204021,922.90906,22.172646,150.9654,15.22645,true,false
45593,79.83656,8.790148,392.11755,11.93898,161.43175,4.795338,244.15498,13.431076,486.9154,14.463831,176.46634,12.587017,true,false
49422,161.37457,3.84194,41.35338,2.9691424,80.08211,1.3591624,585.4443,6.9413443,241.54611,4.099543,97.41749,3.4419084,true,false
51006,103.69397,27.585588,228.71046,19.649761,211.29428,11.697601,542.45215,46.92064,637.3124,35.28263,163.0515,28.590124,true,false
53653,357.56125,8.729194,322.48798,10.318783,550.09424,5.4380517,1833.768,17.135921,1659.2113,16.402403,393.739,12.087377,true,false
56777,114.485596,8.412365,154.97684,8.205321,121.947,3.6895783,336.42697,12.315614,367.8203,11.128609,160.48396,9.4803095,true,false
56942,198.96217,9.37473,276.4077,9.304002,323.50803,5.1651344,625.7003,15.892657,975.7749,15.579221,408.20773,12.55445,true,false
4366,10.23132,11.195565,9.226281,11.404456,7.3939285,5.398065,30.600685,17.374495,22.301794,16.281792,17.708742,17.27615,false,true
8182,831.59937,9.389661,984.48865,10.956874,176.24896,2.0066898,3051.6328,20.998064,531.60754,6.052634,528.2224,6.781133,false,true
12243,60.05848,4.4476743,38.353077,4.860427,48.59328,2.1861863,231.21707,6.5572224,146.56856,6.5940356,42.140816,5.699052,false,true
12253,26.897398,2.897059,16.00301,3.7398524,17.744087,1.6297294,75.5291,3.8684218,53.520264,4.915635,15.570254,4.2093825,false,true
12254,201.2712,14.81961,132.51308,14.8412075,46.84965,7.1697707,222.99983,22.50236,141.30937,21.625662,45.91068,25.75623,false,true
12367,136.24887,19.144026,132.9939,19.239351,73.43569,11.1894865,270.81744,36.2198,221.499,33.75004,13.956024,36.132717,false,true
12384,6.7973347,1.8143688,6.3206816,2.1686563,1.5436405,0.6147675,15.865239,1.5182927,4.6559763,1.8542786,1.164185,1.793364,false,true
12386,109.4536,15.405248,122.3431,15.214452,48.079807,8.08446,132.98135,25.703127,145.01979,24.384575,22.739084,27.497534,false,true
12413,34.397705,18.159891,75.91251,17.533318,41.57892,10.3282795,129.33215,33.99494,125.41162,31.152443,-35.104942,26.332817,false,true
12458,160.76956,17.08595,159.41148,17.745758,82.28968,10.534438,274.77103,33.069614,248.20465,31.774265,87.10879,30.9188,false,true
12478,85.16731,16.198954,57.352867,11.569055,61.58526,6.8438044,349.78027,26.38793,185.75536,20.642471,24.10237,15.3320265,false,true
26231,31.308851,1.9376178,27.174961,2.0343044,6.2737293,0.5038896,93.41078,2.3453438,18.923016,1.5198458,31.021688,1.701097,false,true
32256,6.0772004,2.057897,4.5673985,3.6526177,1.0956472,1.2468852,6.7751045,2.1588097,3.3047252,3.7608898,3.5552254,5.0806623,false,true
32643,2212.9038,18.306696,10928.146,97.70923,87.22656,1.1534499,8735.165,61.987526,263.09546,3.4790673,407.33798,5.004794,false,true
35568,597.2024,6.9875774,1242.8127,12.471994,8.784932,0.37433025,1872.9741,14.111592,26.497383,1.1290653,81.476204,1.6598097,false,true
37691,17.659208,2.8526897,28.873198,3.5897563,35.66179,1.7071383,100.94001,4.621327,107.564186,5.149118,33.001354,4.2228103,false,true
40705,506.49548,8.706678,107.77083,5.9546223,204.76796,3.0585473,1845.7676,17.699728,617.6275,9.225274,283.41455,7.0353065,false,true
42637,101.971756,2.4184043,46.018574,2.28513,58.805603,1.1524235,573.7765,6.4995255,177.37128,3.4759715,127.8648,3.3639362,false,true
49171,19.898716,1.7020168,24.873821,1.7141504,4.0441303,0.35531533,59.36804,1.6096245,12.19803,1.0717118,17.514166,1.1699852,false,true
42831,9.055693,3.540585,1.3592249,3.4743845,0.51746774,1.3175888,3.6816576,4.2198143,1.5608022,3.9741476,-4.5659795,4.6437464,false,true
135772,54.744625,2.7789748,22.122816,2.5158565,17.854322,0.6887787,189.90692,3.3039157,53.852764,2.0775132,51.076065,2.4061937,false,true
160796,43.797108,5.4447026,35.50494,5.898943,20.540934,2.0641322,156.16579,6.6619263,61.956203,6.225893,26.837185,5.7375245,false,true
991007,283.8724,4.7862654,2584.6487,16.59789,194.63927,1.9601921,940.5782,8.037372,587.07697,5.912386,333.01907,5.0321317,false,true
1169177,15.008629,1.5211396,49.58994,2.0356777,0.7571608,0.35654017,58.07485,8.642103,2.2837718,1.0754063,6.534548,1.1825206,false,true
3095025,7.975327,2.0779135,4.896483,2.3640394,4.5287786,0.95087606,34.535324,1.9614786,13.659842,2.8680587,0.23963521,1.9876884,false,true
4131176,24.618296,1.6691769,38.10042,1.835025,3.375999,0.37427196,79.49327,1.8696309,10.182793,1.1288894,20.919888,1.2692437,false,true
1468343,124.23636,4.274282,1401.3745,12.480352,115.154045,1.8744681,461.72537,6.8862605,347.3312,5.6538224,132.76297,4.7136245,false,true
1488562,38.90294,2.9799886,26.428959,3.2525566,52.29925,1.297653,207.45668,4.6183763,157.74661,3.9140162,59.481274,3.4747713,false,true
1488822,48.725506,12.260039,25.099995,12.318289,11.295184,6.0601745,44.31684,18.908863,34.068882,18.278864,1.8833858,20.493633,false,true
1537110,17.822708,1.915627,11.169628,1.7932166,9.356083,0.4934646,75.38655,1.829412,28.220108,1.4884015,25.076702,1.7124733,false,true
1843987,1.3475347,2.75687,2.8681278,1.7470026,-0.31257287,0.43660492,9.122156,2.7790716,-0.942792,1.3168997,0.740895,1.3972948,false,true
2574393,39.668262,2.12433,46.26803,2.2727838,7.462902,0.5396675,135.6177,2.358812,22.509836,1.6277599,32.82479,1.6310207,false,true
2588631,104.60096,2.8541722,201.48463,3.890193,9.052587,0.4802899,308.58023,3.7514138,27.304691,1.4486636,54.10194,1.8925853,false,true
3134426,82.36182,3.3983395,43.003353,3.2690244,28.600084,0.98412025,370.0401,4.4509006,86.26446,2.9683309,77.43821,3.2512107,false,true
3139240,46.90968,1.3348236,22.565765,1.2421998,18.589716,0.37263316,167.69875,1.6204003,56.070873,1.1239464,39.12388,1.1980523,false,true
3167220,1886.9167,14.3218355,3107.267,22.010399,8.2251425,0.4372292,5601.8267,35.039272,24.808926,1.3187827,71.17213,1.5691328,false,true
3331053,26.987183,1.8186256,30.020054,1.8975905,4.010813,0.36777177,73.58182,1.6491709,12.097538,1.1092834,17.218412,1.5248574,false,true
23337,140.247,11.945307,235.31091,11.710606,214.80757,6.174251,369.2597,19.362314,647.90924,18.622948,180.01114,15.190474,false,true
23542,1524.1891,12.187463,1555.7036,13.216152,535.9957,3.5001414,5754.7607,34.322155,1616.6869,10.557224,899.48846,8.8541765,false,true
23326,441.72525,5.410116,220.35704,5.071107,245.08801,2.3266914,1973.5382,14.809082,739.242,7.017831,369.50992,5.8992987,false,true
23442,49.60346,14.704744,26.020378,14.83394,15.314574,7.371668,29.560425,22.828537,46.192295,22.234627,-15.2548,26.077908,false,true
23329,106.196724,10.040881,105.88627,10.686581,142.2103,5.7972684,329.59177,16.680643,428.93912,17.485882,81.9102,14.435398,false,true
23367,202.28865,16.971697,111.691605,15.573931,42.626488,7.671188,251.98038,26.743198,128.57133,23.138048,12.440787,20.72395,false,true
23289,93.42067,3.405587,28.14981,3.533227,70.178825,2.0451183,503.6261,7.62385,211.67555,6.1685424,82.13473,5.1874766,false,true
23395,126.538994,21.57428,162.6887,22.724747,27.7452,10.834341,142.16919,36.551727,83.68592,32.67884,19.77063,31.349802,false,true
23552,59.19977,6.8468165,92.9495,8.1637125,108.72681,3.8566635,211.23291,10.533103,327.94516,11.632575,173.39288,11.302067,false,true
23404,131.68544,21.4326,159.1597,21.611624,25.431986,11.803269,140.68155,37.232155,76.70874,35.60135,-21.702354,39.901844,false,true
165114,6.6535215,1.9361562,-0.3036091,2.0318978,0.71058965,0.5719187,3.8948803,1.4233207,2.1433024,1.7250371,-0.06852171,2.128201,false,true
46836,118.70934,17.891127,144.58255,16.616648,137.77011,8.896319,286.3354,28.691837,415.54645,26.833324,116.80079,22.598404,false,true
53770,53.460293,43.617096,88.55034,36.022346,39.64286,19.610197,209.84645,73.29861,119.57202,59.14882,-28.06172,55.265327,false,true
45322,49.103466,4.3507733,61.922844,4.5462613,54.94899,1.713824,210.86668,5.36761,165.73885,5.169284,45.3123,4.625946,false,true
26371,85.55657,2.967063,407.20706,5.0863194,90.19886,1.43961,370.10043,5.1525545,272.06058,4.3421917,107.40507,3.6148036,false,true
26398,128.19826,11.1287155,75.00646,7.680838,42.801903,3.6401224,187.88303,15.159229,129.10042,10.979438,41.305878,9.135158,false,true
35326,3131.9985,33.011513,3576.7363,39.995132,1998.2931,14.428314,14658.139,113.2659,6027.313,43.51908,2135.1077,29.43384,false,true
2800989,46.259182,14.778319,55.11446,14.936888,9.229804,7.715827,39.370007,23.96481,27.839218,23.27269,6.585136,26.936417,false,true
52452,22.20219,11.857222,7.060644,6.836862,0.878345,2.8344023,87.90734,17.826042,2.6492913,8.549203,6.953321,8.560784,false,true
197460,13.4286,3.2254074,30.528131,3.7660532,29.57158,1.5335847,84.26205,4.432651,89.19472,4.625641,22.2391,3.952687,false,true
38154,69.33372,10.297102,38.982,8.0525675,34.60765,3.8049645,119.18956,13.773923,104.38466,11.47664,25.12253,9.565361,false,true
35785,41.16473,16.330017,61.24879,16.384882,18.70302,8.258049,76.49401,25.973774,56.41263,24.908155,-9.127833,28.991417,false,true
57920,10.270114,15.5761,43.18451,16.074266,3.2209156,8.307903,47.475586,25.904785,9.715026,25.058525,-54.769558,29.109453,false,true
213727,184.42294,4.942163,141.2682,5.1352773,138.65921,2.178728,701.7098,8.692224,418.22815,6.5715394,247.14214,6.0358763,false,true
12220,47.84362,3.6852398,43.979557,3.9494176,49.365936,1.6907787,249.93045,5.552347,148.89906,5.0997734,88.17813,5.3475976,false,true
8225,350.8082,15.076089,656.541,17.769936,580.20734,10.755075,1353.6057,32.403713,1750.0393,32.439754,894.3264,27.857914,false,true
53018,138.2494,7.5715775,103.18566,7.846181,142.28798,4.4825134,441.35083,14.143715,429.17343,13.520281,78.230125,9.716274,false,true
40183,109.049515,7.526219,61.249817,6.9845204,157.66342,3.5221965,335.91504,10.256202,475.54922,10.623747,201.53784,9.24765,false,true
259,241.8122,4.7843986,72.81963,3.62756,111.03441,1.729364,1071.7,10.745433,334.90543,5.2161555,202.63731,4.8116984,false,true
1486348,44.040543,10.964489,-3.2554948,10.078934,12.130567,4.331247,10.766557,12.827664,36.588593,13.064027,4.300491,15.01927,false,true
32306,226.48572,5.0610666,61.01107,4.0595436,95.0112,1.8728775,853.7283,9.921687,286.57574,5.649025,160.2005,4.89093,false,true
35570,67.32728,2.5650058,99.68871,2.8073602,4.989509,0.47599363,154.3314,2.6162548,15.049512,1.4357053,32.43836,1.6189182,false,true
38392,55.916744,3.1072235,33.197968,3.3585827,66.28388,1.643191,252.3195,5.085602,199.92747,4.956238,72.05097,3.9812684,false,true
26410,59.94737,2.7721126,32.710876,2.7763908,31.129158,1.0448076,191.36981,3.8215716,93.89272,3.1513774,55.05968,2.7771683,false,true
30059,609.4386,10.66717,2246.0786,22.574766,781.182,7.9425297,2984.6187,28.879675,2356.225,23.95648,676.4604,15.999501,false,true
41472,262.8749,4.634164,65.85927,2.9260643,84.343864,1.2426308,941.40564,8.476161,254.40057,3.7480576,182.07767,3.460462,false,true
42734,91.70913,10.109218,111.68623,9.574445,115.53448,5.286479,304.36987,16.916231,348.47867,15.945225,115.418976,13.262801,false,true
32103,3444.2017,30.001997,9143.347,67.88912,416.10797,4.6539507,10139.754,79.909,1255.0778,14.037375,1276.0748,17.08486,false,true
53247,46.465942,4.247302,44.518818,5.2643814,79.75599,3.0955997,351.8353,9.294135,240.56245,9.337033,114.87613,8.7262,false,true
55482,1297.736,12.836204,431.66507,7.098667,576.3721,4.094528,5350.843,41.768654,1738.4712,12.35003,684.05475,8.284059,false,true
42816,278.08136,6.664565,36.667973,5.5736275,116.55113,2.8081663,1392.5642,15.502561,351.54514,8.470069,135.28258,6.641464,false,true
10122,246.90689,4.978368,285.80832,5.879141,187.12561,2.410496,970.6432,9.643982,564.41406,7.2706046,204.13582,5.2776294,false,true
24961,2.4238522,1.5406251,8.316748,2.0560515,7.535587,0.6609646,21.936825,1.6189811,22.729069,1.9936198,11.214329,1.7415373,false,true
26034,3.927549,3.192059,4.8243494,1.8231162,3.492044,0.48877904,24.485445,2.759739,10.532811,1.4742689,6.0416956,1.3749748,false,true
27886,48.737396,1.7690219,70.20793,2.0229561,0.8860163,0.24869472,145.59364,2.0239673,2.6724296,0.75011986,11.70489,0.82203645,false,true
30197,209.42998,4.0490103,51.05756,3.3216722,200.60532,2.378453,1425.7076,12.091302,605.07196,7.1739564,253.00726,5.4235864,false,true
31311,209.083,4.824017,57.428364,3.7798107,83.329185,1.6470919,795.21265,9.757833,251.34007,4.9680037,147.11214,4.178728,false,true
32007,714.25684,15.542948,188.87376,13.248323,463.09662,9.337176,2941.7488,38.258427,1396.8063,28.16305,392.30472,20.937836,false,true
34989,167.63026,5.314726,163.31554,5.8643084,144.49298,2.749254,880.7602,11.15953,435.8242,8.292376,283.31744,7.7524605,false,true
47598,154.21078,10.854112,290.66666,12.887684,166.48651,5.567119,605.9197,17.904686,502.16177,16.791698,345.2328,16.057804,false,true
49514,221.06041,15.419355,338.5205,16.025223,503.82605,10.587355,828.3378,31.047203,1519.6555,31.93387,532.25684,25.389088,false,true
52924,348.41025,11.930657,2978.159,26.882742,1432.6458,11.934244,2262.8064,32.29798,4321.1904,35.9964,1065.5903,22.49207,false,true
73840,30.887318,9.788163,36.60235,10.099069,11.312014,4.5684047,37.845753,14.529694,34.119644,13.779347,7.6952167,13.982131,false,true
28714,74.44109,2.886348,47.291664,2.37065,2.5731616,0.41599584,268.89056,4.3390136,7.7612495,1.2547382,24.78799,1.3871269,false,true
3477970,25.223093,1.8249897,17.558008,1.7351366,6.2021203,0.40335658,89.87116,1.9760574,18.707026,1.2166152,22.376932,1.7822325,false,true
4004782,33.841167,2.0001361,34.988514,2.1018407,1.5158101,0.34354952,100.527,2.1632593,4.5720334,1.0362235,11.623317,1.120717,false,true
4005069,586.18854,6.6249595,2425.8862,21.005896,25.39023,0.5921093,1689.0831,12.803493,76.582794,1.7859366,143.68521,2.7245672,false,true
4012109,14.774954,1.7115055,15.970193,1.907956,3.7281923,0.3844858,45.493797,1.5151439,11.24509,1.1596967,16.070269,2.0643895,false,true
4017907,5.0562296,1.4848845,9.671507,1.6024711,1.6390237,0.3313312,21.436579,1.3081937,4.9436736,0.99937034,5.0598335,1.3588562,false,true
4191844,21.805304,1.8035378,54.750683,2.2466226,1.1247032,0.31281295,67.6548,1.7087365,3.3923645,0.94351506,10.340957,1.5836328,false,true
4334098,23.310436,1.8240426,31.040186,1.9434934,4.423338,0.3672992,84.626724,1.7996002,13.341808,1.107858,25.429493,1.5939026,false,true
4548778,721.3218,8.564338,218.67256,4.6767044,299.5252,2.4984765,2734.5642,21.532497,903.4372,7.535974,321.1817,4.3410225,false,true
33836,50.902233,12.529588,48.585365,10.320133,9.376269,5.005397,82.92564,20.4742,28.28099,15.097417,4.385018,13.30776,false,true
36203,7.6679287,1.8969715,6.011426,2.1055827,11.224363,0.81575936,40.49435,2.0237262,33.85527,2.460516,16.221334,2.2103705,false,true
2388,399.3033,6.578303,53.170288,4.1580625,198.0841,2.4787037,1749.7524,16.698996,597.4674,7.4763346,239.95432,5.6463776,false,true
2357,95.87106,27.339247,202.79222,28.307384,15.463625,15.028371,96.89162,47.542645,46.641865,45.32899,16.86974,52.05815,false,true
2352,868.057,13.558091,732.68365,14.658034,738.7454,8.418298,4306.4385,37.659996,2228.2268,25.391502,583.4151,17.696413,false,true
3305,15.275914,13.947861,52.57193,14.633303,15.485037,7.7453594,58.061913,24.438131,46.706448,23.361765,21.450869,26.62568,false,true
3340,85.2874,9.294333,24.734776,9.192555,-7.400298,4.742363,98.38428,15.059603,-22.321007,14.304047,-3.1197243,13.740088,false,true
3360,15.136292,3.7295034,31.780571,4.3575354,50.535797,1.7471564,81.0272,4.6512403,152.42763,5.269821,58.605816,4.341168,false,true
3350,20.946926,6.250644,20.9153,7.1233807,33.9861,3.49956,113.50194,10.266306,102.50992,10.55547,35.312805,8.567256,false,true
4496,63.59396,8.901592,36.067326,8.551312,14.759018,4.20459,146.91556,13.88755,44.516605,12.682,-3.2787738,12.195327,false,true
4500,37.867176,12.972083,40.776768,13.039734,12.407795,6.2797647,1.671798,19.722734,37.424774,18.941198,-21.317663,21.49161,false,true
4532,20.916245,4.3596635,26.275272,4.89039,31.302462,2.20324,81.57306,6.1090226,94.41544,6.6454725,37.896923,5.644957,false,true
4717,51.63423,12.536293,43.526657,12.483245,15.450305,5.811809,47.796925,18.519459,46.601685,17.52974,-11.231668,19.871023,false,true
9289,16.364157,0.88787085,10.970666,0.9268984,19.67204,0.37581906,79.715195,1.3582379,59.335423,1.1335558,22.06794,0.9837388,false,true
13264,249.04495,4.9517894,42.402348,3.3644056,127.94417,1.7145909,1163.8463,10.0854225,385.90912,5.1715965,154.61156,3.6266654,false,true
21984,52.950264,16.12133,39.11765,16.207468,23.250172,8.375353,35.18038,25.857195,70.12789,25.26197,-97.14879,29.3189,false,true
21990,199.94257,22.398201,145.92062,22.08925,53.203022,13.896038,162.24593,44.071316,160.4726,41.913612,-15.181031,42.885853,false,true
22363,42.635315,8.755129,62.438465,10.201214,14.020531,3.6893196,100.10874,12.382317,42.28916,11.127829,11.719271,10.835128,false,true
23051,16.001755,2.6553376,21.36098,3.1333768,25.083742,1.2780573,89.23507,4.261176,75.658356,3.8549118,23.220898,3.3596413,false,true
23536,78.91119,17.483442,26.007946,10.121669,20.754871,5.0761847,127.394615,24.227583,62.601482,15.310927,17.365198,12.8618765,false,true
23493,79.61726,10.094392,68.42677,8.875433,63.2125,4.2046165,197.93893,14.267627,190.6635,12.682082,62.60775,11.039871,false,true
23528,65.38268,9.67242,38.33407,8.375525,70.0024,4.3160033,150.63658,14.023809,211.1434,13.018049,84.97777,10.848815,false,true
24208,36.548286,10.513003,45.649315,10.237115,25.757193,5.331006,75.635735,16.648066,77.68964,16.079529,30.103546,14.687826,false,true
24285,1029.1086,11.469183,577.7806,8.826916,291.26978,2.963997,3404.8694,26.197847,878.53687,8.940089,551.07336,7.591267,false,true
24288,110.37647,4.6722083,139.75835,5.694125,319.2281,3.4911735,1031.214,10.954339,962.8656,10.530174,280.0447,7.5081625,false,true
24474,530.2928,8.278437,1562.4668,14.866187,310.64597,3.3853765,2375.5964,19.100554,936.9799,10.211066,707.55493,10.1912985,false,true
24664,219.7014,5.594253,37.119205,4.7632775,128.01022,2.5021682,1132.6974,12.427753,386.10834,7.5471077,153.7459,6.285676,false,true
25391,158.87227,7.041909,283.41867,7.4674025,206.0291,3.5875278,598.0797,11.986817,621.43134,10.820801,280.92426,9.53399,false,true
25806,68.04294,2.1749313,25.832497,1.9941378,52.57032,0.83959496,412.17975,3.9217803,158.56422,2.5324097,89.36656,2.2185273,false,true
26132,81.97802,3.483386,46.41325,3.6794703,163.96643,2.213674,630.2594,7.898347,494.5606,6.6769447,140.85753,5.0238957,false,true
27171,70.91589,2.0285864,17.09677,1.6516982,42.159344,0.7261299,324.605,3.2615821,127.16231,2.1901731,65.77604,2.0725625,false,true
27180,39.11912,12.79848,35.346645,11.817798,14.435175,5.580853,88.78078,18.791267,43.53982,16.833124,-21.041948,17.275251,false,true
27342,67.24912,3.6214738,28.922335,3.4725592,74.592804,1.3807051,514.18695,6.102782,224.9891,4.164521,91.113205,3.623742,false,true
27451,107.2656,3.6290486,34.575382,3.9126027,81.13808,2.134048,569.126,7.6229434,244.73117,6.4367743,74.14021,5.146513,false,true
27448,29.45006,11.43191,55.30683,11.994779,4.358152,6.222547,73.88998,20.071037,13.145193,18.768618,-2.7600214,18.49705,false,true
27776,1142.9127,13.252019,4011.5166,30.223507,68.719284,1.09151,3981.7915,28.630873,207.27322,3.292243,398.13876,5.4116483,false,true
27823,31.6388,4.4377065,56.652546,6.524961,19.073105,2.315235,95.295555,5.203569,57.52889,6.9832754,45.565502,6.958427,false,true
29321,290.33105,6.3869724,2353.364,21.541399,416.63983,4.463931,1604.6094,16.59705,1256.6819,13.464231,448.20804,9.335744,false,true
29413,50.10351,3.4637666,147.66379,4.284753,4.2030225,0.52680457,188.84532,3.768716,12.677286,1.5889624,28.576147,1.8522052,false,true
30133,157.93117,3.7460577,358.6955,5.844089,14.487924,0.7686716,419.60254,5.2746177,43.69892,2.3184884,78.007034,2.6693757,false,true
30235,16.475216,2.0972476,4.2140102,2.0207055,7.562955,0.5577652,64.09694,2.0369627,22.811619,1.6823467,18.96725,1.7683567,false,true
30856,756.5612,10.145507,161.5177,6.3980803,498.03787,4.6921835,3707.429,31.73235,1502.1973,14.152695,632.26044,10.599251,false,true
31029,2926.3179,31.440289,1052.9559,18.406542,1606.3812,12.635894,12125.796,101.61108,4845.2173,38.112732,1948.986,25.562172,false,true
31856,259.71896,7.156589,64.81371,6.485248,217.69946,4.0804753,1300.3801,15.994398,656.63184,12.307641,182.40776,9.2119465,false,true
32108,37.090282,2.367013,26.095015,2.270838,6.06902,0.50933045,108.64478,2.457251,18.305565,1.5362566,31.108995,1.8281484,false,true
32434,2050.18,32.342545,3006.9697,52.047493,447.14313,5.745092,5334.317,65.04954,1348.6869,17.328505,826.54034,15.23181,false,true
32640,68.07441,2.673778,44.614,2.5857584,15.523791,0.7116702,201.51866,3.4624422,46.823338,2.1465595,49.00514,2.3001707,false,true
33191,29.033068,16.88092,63.98793,17.34923,24.080988,10.368841,18.221462,33.12869,72.63382,31.274782,-94.519,30.564156,false,true
33674,93.07154,7.2320523,149.06679,7.7693954,181.34299,4.2128077,376.06238,12.521871,546.97235,12.706787,245.9014,11.116872,false,true
33825,60.170452,12.274181,38.18561,11.369005,14.615027,5.555125,54.459038,18.548195,44.0823,16.755522,-33.582466,18.11049,false,true
33843,33.767174,12.608696,56.64064,12.657076,7.564501,5.6754546,43.060654,20.252216,22.816278,17.118465,-44.18763,18.876076,false,true
34493,-0.60288244,1.7513652,-5.587614,2.4689295,0.27703822,0.6413071,4.5687375,1.4550489,0.83561116,1.9343283,3.800297,1.9392719,false,true
34658,994.9839,9.16357,2901.8093,21.170687,8.276395,0.50801617,3018.3381,22.053236,24.963518,1.5322924,84.36407,2.0767071,false,true
34882,24.695614,3.9305563,40.712784,4.2775006,33.889755,1.8098015,102.20352,5.7830524,102.21933,5.458773,45.867905,5.114545,false,true
34905,80.9982,10.706369,51.330208,9.31009,63.868073,5.169767,225.63742,17.776697,192.64084,15.593193,48.00229,13.206337,false,true
35838,592.60565,8.493654,1285.4043,13.994366,71.53098,1.462444,1915.7062,16.056072,215.75395,4.411064,273.08777,5.409148,false,true
35831,34.111233,6.177382,126.53164,7.027907,91.46187,3.2422423,152.4001,9.74843,275.87012,9.779342,90.11151,8.2675705,false,true
36167,61.132793,9.150318,175.10246,13.250354,78.740875,6.250441,238.32445,16.549486,237.50066,18.852753,191.30222,18.204214,false,true
36189,184.28075,3.4838486,177.57954,3.6402407,59.09041,0.9723031,869.4238,8.544714,178.23032,2.9326875,170.16844,3.1721706,false,true
36200,51.753902,4.3649416,84.05918,5.3666444,77.46213,3.66519,300.16074,11.15651,233.64368,11.055047,142.11964,10.66118,false,true
36204,40.91465,2.04123,9.7961035,1.7561822,12.463891,0.5831368,123.93624,2.476033,37.593975,1.7588733,22.823706,1.6190639,false,true
36231,15.455527,1.8196013,5.5459757,1.9414775,11.328987,0.6552861,67.79678,2.305529,34.17084,1.9764919,20.915741,1.8330843,false,true
36469,129.90456,17.948967,73.70083,12.275665,43.066063,6.2398376,184.68015,25.731937,129.89719,18.820772,16.543758,14.538744,false,true
36470,36.49901,7.068267,52.99734,7.590057,52.03834,3.6170201,116.79119,10.613226,156.95964,10.909757,38.50679,9.204819,false,true
36487,122.18371,21.039465,58.48814,21.581839,11.77298,20.051659,95.07033,63.774006,35.510025,60.480366,-31.83429,39.902367,false,true
36566,48.62408,11.262544,62.108143,12.910522,9.253445,5.4727445,75.88174,17.162886,27.910524,16.507042,-11.497017,19.068192,false,true
37809,22.091022,1.6272877,9.395594,1.4466873,3.5363338,0.38366795,71.10874,1.8867594,10.666399,1.1572298,11.08297,1.1447839,false,true
38150,47.248703,3.6378598,15.955006,3.8717322,35.957756,1.7663621,249.49832,6.097844,108.45689,5.32775,50.397457,4.5129457,false,true
38349,53.226902,8.048482,39.523632,8.506679,38.831585,4.6552706,197.19826,14.325278,117.12502,14.041357,21.230524,11.249864,false,true
38361,214.7287,5.7963014,31.186527,5.0756416,107.92134,2.7886593,1069.8097,13.538223,325.5157,8.411231,151.97711,7.017041,false,true
38387,18.127274,11.957592,35.657143,12.469238,8.839654,6.2588696,49.24956,19.648626,26.662436,18.878176,-14.791267,21.120327,false,true
38407,49.2855,4.7025766,31.58417,4.705798,87.79249,2.5383713,257.22156,7.6929564,264.80243,7.656306,65.566574,6.203173,false,true
38503,608.81946,11.2317505,2424.61,25.94278,333.07916,5.3397284,2442.0332,27.283766,1004.6437,16.105837,1009.07666,17.504913,false,true
38508,35.37253,7.0489335,16.420557,10.355959,9.603476,4.7549043,108.80797,10.011449,28.966301,14.341874,10.789109,12.884716,false,true
38850,36.723194,5.9881105,78.70481,7.5405703,10.682241,2.5181797,82.82127,8.302003,32.220104,7.5954037,26.086449,7.6654296,false,true
38890,68.47153,13.959639,155.51875,16.566412,124.45227,8.064159,273.93567,22.9103,375.37677,24.32334,140.20734,21.419245,false,true
39206,193.234,5.044224,69.08131,4.4657245,115.10756,2.346497,1006.2126,12.418819,347.19095,7.0775685,230.56456,6.4871936,false,true
39384,191.8363,15.630369,274.83713,16.149189,123.25445,8.014011,536.1171,27.47903,371.76385,24.172081,242.56802,23.438398,false,true
39660,31.307081,6.3733535,-30.906662,15.566643,18.075918,6.5589166,46.590153,8.271874,54.521145,19.783186,-33.365067,27.397709,false,true
39904,179.6184,4.314071,323.07382,6.168784,24.355373,0.93658197,536.11597,6.558504,73.461426,2.8249445,102.42438,3.19213,false,true
39922,74.31921,8.058222,118.84708,10.592008,54.195328,4.4245386,187.64749,11.871273,163.46562,13.345415,44.714302,11.290658,false,true
40086,96.78661,4.884583,22.74875,4.115436,45.609837,1.7908652,337.23444,6.7181597,137.56981,5.401657,71.39937,4.637145,false,true
40425,-2.4224534,2.1803164,-3.2174895,2.545524,1.371214,0.9183404,6.540274,2.3904622,4.135898,2.7699234,-3.861158,2.640623,false,true
40736,565.29016,8.742156,84.477135,5.542024,391.98483,3.6678169,2363.8745,20.309855,1182.3168,11.06297,283.75708,6.9569087,false,true
40713,48.070305,8.73253,102.74007,9.031628,77.24188,4.36702,175.9141,14.146535,232.97934,13.1719265,83.778465,11.621059,false,true
40984,240.54097,7.236693,167.8518,7.3543835,230.54114,4.0143013,867.5394,13.2357235,695.36523,12.1080475,289.91605,10.164739,false,true
41652,44.397045,8.788356,22.240925,9.84891,10.00447,3.9166322,118.991974,10.278458,30.17579,11.813455,-7.854127,11.502648,false,true
41975,160.02126,28.99076,154.18846,30.00702,45.06506,21.963942,101.57633,69.90894,135.92662,66.24825,-12.373719,57.032806,false,true
42020,258.12842,4.1959214,646.0141,7.2018876,38.15556,0.87910175,742.5091,6.8334036,115.085976,2.6515708,198.67537,3.4619415,false,true
42987,3700.5657,28.848314,12019.25,71.55727,226.38557,3.306643,10814.361,64.54848,682.8312,9.973587,665.2858,10.206077,false,true
43254,16.52773,2.6550817,15.570658,2.405804,12.623445,0.85196996,34.182663,2.6840935,38.075222,2.569735,17.863695,2.1862752,false,true
43798,15.609025,2.3974864,19.176493,2.4783175,5.0483165,0.75657904,27.291548,2.462893,15.226888,2.2820146,15.039041,2.215761,false,true
44864,17.886189,5.139643,33.103226,9.206181,6.245525,3.22119,20.021822,5.702168,18.837946,9.715842,5.2019157,13.655491,false,true
44885,71.23668,15.956576,89.253044,16.60757,27.127018,8.523132,71.49634,26.281023,81.82135,25.707706,20.043726,30.055895,false,true
44933,79.06762,3.522426,50.68687,4.0354447,137.49066,1.887405,593.0614,6.512843,414.70355,5.692843,0.0,-0.8111757,false,true
44973,69.03038,17.325918,98.03504,18.066362,27.19193,8.938917,150.66353,29.099125,82.01714,26.961811,21.236195,28.148258,false,true
45299,61.54407,19.42712,42.20036,14.761636,5.2943873,6.220423,28.932232,25.997288,15.969094,18.762213,-12.985784,18.414438,false,true
46086,25.322453,3.9350212,42.83775,5.398637,125.83501,3.1060774,235.87491,7.7583385,379.54742,9.368637,123.42985,7.467015,false,true
46099,108.72208,5.2727513,414.54504,8.310259,121.91848,2.5513153,488.57785,8.822668,367.73428,7.6953483,116.554276,6.3297696,false,true
46440,166.83533,27.972906,106.25472,28.997349,8.577746,25.850382,187.03299,82.20866,25.872463,77.97064,-0.19163081,54.908318,false,true
46918,296.5339,4.063401,473.23712,5.663902,43.49139,0.78330326,969.91406,8.317592,131.18007,2.362621,161.42613,2.8359442,false,true
47337,130.14032,4.448454,33.682487,4.142936,96.091125,2.1793325,772.5292,9.789526,289.83304,6.5733633,77.24933,5.379087,false,true
47363,30.311396,19.067223,84.75323,18.645622,24.459473,9.598459,115.85884,32.558346,73.77541,28.951138,48.937057,28.65421,false,true
47841,179.83032,5.6087584,316.93246,6.5784802,64.79886,1.9641231,649.6508,9.13393,195.44832,5.924242,141.41568,5.97901,false,true
48240,28.345339,2.2306285,10.390557,2.2489727,13.774638,0.6473405,109.870346,2.52883,41.547485,1.9525262,19.479834,2.0148036,false,true
49225,131.36057,10.610458,140.43787,11.810878,184.8272,6.0649414,480.32162,17.319109,557.48145,18.293245,114.73193,15.023685,false,true
49280,39.81022,4.417857,43.368465,5.367085,78.435936,2.5654113,224.81407,7.600363,236.58089,7.7378645,55.35213,6.365558,false,true
49747,65.930664,6.1761594,131.1679,6.9391713,94.70307,3.4797063,243.70172,9.883247,285.64633,10.495586,100.10791,8.9774475,false,true
49950,482.3317,10.181068,601.5623,11.763352,587.66614,6.4067974,2440.6685,24.583027,1772.5369,19.324358,447.24973,12.935837,false,true
50502,53.73455,10.027661,63.71608,9.75991,59.276505,4.6070395,108.40743,13.893013,178.79163,13.89588,52.62548,11.673227,false,true
50578,32.633354,4.684631,52.031693,5.022228,31.786654,2.1148984,92.21608,6.893983,95.875885,6.379015,60.858593,6.271099,false,true
50564,41.814312,15.687127,38.276356,15.673972,9.5187845,9.110335,10.400024,28.173111,28.710854,27.478846,-19.012512,30.85361,false,true
50881,394.2098,6.7332516,144.1817,5.3505487,322.40106,3.2757685,2124.5889,18.14611,972.436,9.880464,408.62668,7.4556375,false,true
50952,54.499798,3.0470793,12.255887,2.4709828,26.279394,0.8885192,224.30211,3.7212443,79.264725,2.679976,45.79652,2.566677,false,true
50925,5.803528,1.4495268,16.304317,1.6704414,1.2945867,0.3034489,31.880695,1.4579196,3.9047718,0.9152709,9.263694,1.1011444,false,true
51065,18.846422,2.094194,6.6368155,2.1154625,6.1868587,0.6998032,49.84314,2.2899525,18.660994,2.1107657,9.794451,2.2685978,false,true
51084,256.4291,22.975292,208.17296,15.74928,282.8016,10.643638,972.5276,43.3419,852.9949,32.103634,391.40576,24.863827,false,true
51814,3179.7346,26.341164,606.64594,10.07186,1893.1556,12.4882145,14575.737,95.882164,5710.1943,37.667297,1570.0872,16.052258,false,true
51803,22.204563,1.9226669,71.89,2.5763073,2.1964045,0.44288135,71.57279,2.1970618,6.624863,1.335831,18.046726,1.3404372,false,true
51928,51.09866,3.6100376,42.386707,4.149534,123.74401,2.2985997,458.47824,7.4108396,373.2405,6.9331,95.00528,5.121616,false,true
52052,19.206518,2.9531941,30.75059,3.6264193,23.231365,1.48934,81.58161,4.203897,70.07116,4.4921885,37.465416,4.214596,false,true
52592,381.39667,5.1876526,67.84635,3.3570719,281.66113,2.2499146,2124.055,16.354622,849.55505,6.7862544,303.9684,4.7227936,false,true
52685,554.7065,6.3827505,210.99553,4.5415463,279.5773,2.4385898,2520.5012,17.555273,843.26965,7.3553424,468.23358,5.7891555,false,true
52939,184.63158,4.6982026,70.45683,3.7579315,186.37502,1.920848,1057.6458,8.595077,562.1501,5.793715,143.01447,3.9973125,false,true
53245,134.34868,4.6624556,38.778027,4.302878,87.250854,1.9934967,683.9139,8.654781,263.16873,6.01284,90.9374,5.0554047,false,true
53433,411.81393,6.9483166,125.50547,5.1086593,244.88545,2.7700033,2022.3958,17.632555,738.6311,8.35496,242.97241,5.775984,false,true
53587,90.573135,2.44719,13.96188,1.9303393,45.05264,0.7710811,468.04633,4.094732,135.88916,2.325756,73.96944,1.934778,false,true
53862,19.780344,10.330395,12.077036,9.462252,5.719367,3.4586465,54.052208,11.718068,17.25093,10.432065,0.4744333,11.625268,false,true
54021,151.28697,10.983597,285.22543,13.0283165,80.282646,5.115247,414.09216,17.500746,242.15099,15.428748,93.71603,14.001395,false,true
54208,184.28424,5.1367974,56.7603,4.5244107,147.80862,2.0061316,914.32513,8.777371,445.82492,6.0509496,140.93701,4.576537,false,true
54507,9.93608,4.2082024,9.064237,5.2643595,15.499544,2.1934462,38.40155,5.5277686,46.750206,6.6159325,15.307229,6.0401735,false,true
54508,6.5802155,2.2768214,-2.7923331,6.750435,3.212498,2.1460748,8.300856,2.0362449,9.689635,6.4730506,9.194317,10.198781,false,true
54521,24.980583,6.0945644,28.344233,7.9763064,21.993221,3.3517146,75.175255,8.999057,66.33663,10.109534,10.028235,10.34444,false,true
54528,11.441181,4.165011,0.64932984,2.6017222,0.7721267,0.8741359,10.742838,4.0660224,2.3289125,2.6365929,-4.387611,2.751841,false,true
54550,11.18377,7.0064945,12.3538685,9.733511,3.2169,3.7262657,26.590624,9.10704,9.702913,11.239265,-6.8003235,12.348717,false,true
54812,39.280964,5.1303496,19.065453,5.10673,31.576977,2.461494,135.6262,7.5698066,95.24345,7.424426,22.541933,5.9133687,false,true
54896,58.304623,7.6954846,35.707695,7.4059725,31.172213,4.027054,195.02756,13.550765,94.02258,12.14651,37.92524,9.560802,false,true
54935,50.02278,11.96842,10.451837,6.0571833,-0.41416803,2.195701,34.630856,12.907229,-1.2492263,6.6227336,-1.9861227,7.0359945,false,true
55742,48.129765,13.630951,57.627014,13.688265,18.218641,7.368992,21.241867,22.794405,54.95163,22.226557,14.148597,25.34156,false,true
55743,54.784824,11.677279,52.024338,11.870912,21.063808,6.90074,44.331657,21.570927,63.533306,20.814203,0.5678607,20.390938,false,true
56249,-6.3305063,11.388558,15.401005,8.210954,10.492882,3.9690893,33.43182,16.073555,31.648952,11.971678,2.4679432,10.365896,false,true
56619,60.151634,8.523237,114.37454,9.663131,128.95044,4.816406,249.10037,13.891494,388.94427,14.527375,160.53513,12.926919,false,true
56784,42.16876,9.717026,18.459227,9.845467,5.1725426,6.4419427,30.08625,20.3628,15.6015835,19.430365,-18.623877,15.676094,false,true
56821,13.413122,4.632595,41.124832,7.178862,11.852093,2.4750385,44.24432,6.052804,35.74865,7.4652796,14.873974,7.305569,false,true
56972,25.638447,10.07888,10.237053,5.2015376,0.1661543,2.035926,48.79292,12.219989,0.5011597,6.1408167,-4.961974,5.9035654,false,true
57421,-2.7648902,5.089372,35.336143,12.880738,7.368607,4.89769,18.662027,6.827448,22.225422,14.772548,-22.50364,15.8197775,false,true
57734,35.812496,5.519616,59.839558,5.722467,52.902493,2.6557984,108.695724,8.17012,159.56613,8.010492,48.971413,6.963077,false,true
58287,89.47565,9.076234,111.381836,8.341419,86.62769,3.9675398,222.21219,13.6461115,261.28912,11.967004,122.31481,10.501187,false,true
58261,40.858326,10.674059,21.836617,14.8892565,22.078419,6.152093,46.720596,14.3825035,66.593605,18.556112,-9.335681,24.013628,false,true
58314,2.0451255,3.382792,3.1372871,3.275359,0.07753299,1.0120022,16.141043,3.987736,0.23385741,3.052429,-3.0451126,3.1315615,false,true
58325,39.479015,14.423533,43.101135,14.379114,9.679948,5.972549,12.532269,19.430073,29.196955,18.014566,-3.385521,20.064022,false,true
59714,268.2527,6.3167777,56.452976,5.530445,240.59344,3.3116794,1380.3562,13.334523,725.68536,9.988779,204.86606,7.0189433,false,true
59945,39.46688,15.814535,22.67283,16.047743,-15.336358,14.107068,150.35535,45.535347,-46.257996,42.55013,-45.641148,27.618107,false,true
59946,94.22858,7.2645125,126.0215,7.292898,105.50984,3.6166043,305.5078,12.158559,318.24203,10.908502,173.6763,10.243048,false,true
71883,89.29368,12.91428,188.13719,17.529297,91.184715,8.251229,297.9095,22.82457,275.03415,24.887587,119.612236,23.009115,false,true
71926,4.631603,1.1962686,1.5305581,1.0539168,0.590254,0.2519772,10.190522,1.0316865,1.7803423,0.7600206,4.887199,0.8625402,false,true
72243,13.56956,2.7579932,31.226353,4.005286,18.418234,1.5677149,44.989883,3.6669757,55.553642,4.728585,12.222,4.6808424,false,true
73843,29.33239,9.178565,19.932367,9.291554,7.681058,4.286677,43.868378,13.159243,23.167845,12.929592,-16.410524,14.537802,false,true
73856,85.07448,3.5774977,29.384745,3.4171662,67.167336,1.5980295,466.15378,6.2423353,202.5922,4.8200207,47.78552,3.451352,false,true
73857,57.31172,11.10119,46.536747,10.119526,17.7286,4.778178,49.410778,16.831858,53.473545,14.412072,15.300279,13.454283,false,true
73865,48.112003,2.0553129,11.532635,1.8560483,29.690704,0.8777755,275.2602,3.7140465,89.554016,2.6475706,55.766716,2.229895,false,true
82353,89.55275,2.5500104,70.639244,2.4101517,24.360004,0.6348708,314.66724,3.7802012,73.475395,1.914915,76.869446,2.1114535,false,true
83458,19.113712,7.9252825,15.588806,11.969326,3.494987,4.4794602,23.944971,9.517909,10.541688,13.511073,-12.259919,18.659224,false,true
84450,77.18232,11.138697,85.18706,9.602659,45.51622,4.707119,193.7999,16.942108,137.28743,14.1977415,21.800102,11.67397,false,true
84599,20.340046,11.23576,17.125837,11.294837,20.200651,5.7380066,19.90357,17.780336,60.92983,17.307133,-39.469463,21.838406,false,true
84605,510.0317,6.849288,258.1519,5.5558963,231.50667,2.4334605,2098.5142,16.830406,698.2776,7.3398705,303.9062,5.465301,false,true
84607,26.168797,6.0808296,31.558119,7.1042633,25.557722,3.2366467,62.35062,8.653296,77.08798,9.762463,-3.6334841,8.742452,false,true
86299,37.936077,7.560825,24.67578,8.310224,21.734312,3.6598911,64.2021,9.917505,65.5557,11.039063,7.390248,9.7163105,false,true
90091,209.43007,3.464492,65.085236,2.9037445,235.0624,2.1068032,1424.6112,11.267645,709.0025,6.354598,223.55122,4.46284,false,true
91366,17.105885,1.8656437,27.324875,2.2277532,12.36381,0.64474857,80.39024,2.2815259,37.292107,1.9447085,22.329618,1.9352255,false,true
93473,2.1050498,9.173684,13.441334,8.571903,10.059858,3.918571,50.557262,12.774276,30.342855,11.819303,9.728972,11.686517,false,true
94757,50.778355,12.266536,42.47448,12.328511,7.9630265,6.1118813,16.501781,18.610191,24.018326,18.434826,-24.169472,20.51842,false,true
95565,62.63046,7.9633403,42.220394,7.812355,31.704718,3.6754746,124.370895,11.353878,95.628746,11.086068,27.073122,9.490922,false,true
99838,171.37474,4.21996,516.3364,7.142832,123.45474,1.6129477,609.9469,6.600461,372.36798,4.8650174,113.64793,3.3574483,false,true
142858,364.13898,4.6919055,1067.1093,10.122922,25.22967,0.5370429,1176.5736,10.464502,76.09851,1.6198436,148.5477,2.945814,false,true
160387,15.93324,3.7000396,3.7728324,7.6085715,4.3475704,2.5295982,14.194914,3.7570462,13.1132765,7.6298437,-6.6854053,10.205433,false,true
165108,13.592898,1.7444031,11.85665,1.7827808,1.3981439,0.37748858,29.446226,1.5854129,4.217125,1.1385915,10.105365,1.3099083,false,true
165192,23.787786,4.574876,40.296196,5.4145527,33.423416,2.2486186,83.3693,6.261106,100.812744,6.7823462,51.263317,6.475457,false,true
165598,368.1549,5.2249174,207.78943,4.3758388,247.87892,2.233072,2092.6401,16.919395,747.66003,6.7354536,363.438,5.3012657,false,true
174846,21.595474,7.8767366,11.243948,10.0465975,1.5459309,4.237183,32.376507,10.452312,4.662884,12.780309,-7.3028026,16.439981,false,true
200239,193.1074,11.909551,207.42876,11.786638,247.15625,7.034145,586.3964,21.604595,745.48035,21.216581,360.98276,17.96677,false,true
214240,97.28672,19.871107,83.47974,20.013874,10.30267,11.982878,62.879025,38.48131,31.07523,36.14309,16.454985,35.001877,false,true
214390,15.395599,3.5307508,26.974997,4.222394,15.53694,1.514471,35.04645,4.0101857,46.863,4.5679893,16.693727,4.0953236,false,true
1121395,26.63951,3.828081,27.781742,4.8587904,7.9083686,1.5234325,55.697655,4.613489,23.853468,4.595019,11.644114,4.603466,false,true
1123648,23.36247,14.586321,19.196114,14.538452,5.734514,5.827328,24.778349,18.68134,17.29662,17.57655,-22.36653,21.33089,false,true
1129681,14.367175,3.951695,28.748978,4.506554,20.885134,1.518584,52.493916,4.4787707,62.994385,4.580395,25.494514,4.030165,false,true
1141644,74.8314,3.8062298,99.86206,4.149702,15.725707,0.72777945,255.12103,4.2231035,47.43236,2.1951485,62.72255,2.9198484,false,true
1154700,24.406786,2.6026545,45.806076,3.680894,27.672606,1.3057458,95.687775,3.2789364,83.466965,3.9384265,56.980858,4.1112695,false,true
1162545,27.631063,2.2531433,16.037956,2.1421475,6.956765,0.5881143,99.04751,2.2897344,20.983212,1.7738867,26.14571,1.6881955,false,true
1185375,0.8221677,3.7038274,-5.795367,2.8744192,-0.19550198,0.7324497,4.123047,3.5442595,-0.5896791,2.209235,0.8756957,2.1667094,false,true
1205049,29.304487,1.808445,8.584168,1.8692249,11.982343,0.6230136,92.275185,1.9323972,36.141514,1.8791509,14.766972,1.5925132,false,true
1206166,5.034748,1.7732213,8.070401,1.8714771,1.2371774,0.37773195,12.707546,1.3851973,3.7316124,1.1393255,5.042965,1.2339743,false,true
1225571,33.56422,3.2243145,122.84309,4.5268326,31.521372,1.32662,110.974915,3.9345365,95.07574,4.0013876,58.676483,3.6177933,false,true
1244511,98.28483,2.6783898,108.82178,3.0093133,20.395437,0.61998004,342.0617,4.137695,61.517345,1.870001,79.19338,2.3787487,false,true
1271383,108.95992,4.0056186,28.753675,3.3257775,91.697014,1.5168918,633.499,7.226083,276.57938,4.5752907,91.56147,4.135949,false,true
1330737,88.28641,3.2171946,28.307503,3.031471,121.35177,1.915929,526.91943,6.7099094,366.02496,5.778878,98.394356,4.0041184,false,true
1346685,170.22928,3.703221,643.34015,7.4624395,14.464787,0.6771595,549.69507,5.7959886,43.62913,2.0424669,91.376816,2.4912322,false,true
1357218,70.12809,11.790923,27.78403,11.74929,1.5006721,10.484512,39.96568,33.391346,4.526374,31.623674,6.3480005,20.987127,false,true
1381241,2.991581,2.2468777,7.07254,3.0244217,3.3365932,0.8943735,12.7405,1.9294263,10.063935,2.697634,1.1912744,2.4630706,false,true
1388003,117.095276,4.4070187,222.34615,6.4195843,93.540306,1.9876591,387.21774,6.6939387,282.1392,5.9952326,88.466545,4.9839425,false,true
1397198,25.934393,2.5835211,26.044228,2.7361221,7.824351,0.61506116,96.51913,2.632281,23.60005,1.8551645,22.573055,2.1084714,false,true
1558448,103.041725,3.0969694,106.98482,3.711696,25.692812,0.66965497,410.02924,4.7908273,77.49545,2.019832,78.61924,2.347913,false,true
1559292,210.05547,7.0748672,1524.4453,14.822893,406.2013,4.451624,831.73047,12.688681,1225.1968,13.427111,414.73035,9.879666,false,true
1561925,15.322285,5.98486,12.8269,5.2070947,6.131373,2.12328,32.923695,7.7719874,18.493635,6.4042954,13.13032,6.2600613,false,true
1640466,44.146614,1.9850575,11.119685,1.9756969,20.765705,0.6077425,198.1233,2.7722712,62.634167,1.8330897,33.4172,1.6394775,false,true
1830367,27.55939,10.465545,6.434738,10.724808,-4.547048,8.55652,66.51983,27.19095,-13.714946,25.808413,-5.3885756,17.36471,false,true
1842970,33.92758,6.1518893,17.705683,6.4538007,34.172802,3.2505307,163.0258,10.037938,103.07307,9.804341,25.485008,8.231142,false,true
2024247,32.23383,4.0592833,53.374435,5.3117695,17.657564,1.9235439,91.42236,5.686049,53.259293,5.8018465,58.83047,6.3889837,false,true
2032819,11.9930105,2.9101794,25.256483,3.8219259,10.70235,1.333799,23.487648,3.449907,32.280758,4.0230417,19.177355,4.080611,false,true
2047202,50.806305,5.457421,78.42175,5.8253436,40.82904,2.260686,139.16586,7.125836,123.14981,6.818743,54.359898,6.1070385,false,true
2057404,21.663553,9.626597,17.181513,8.217265,24.84798,4.2318664,110.69169,15.072381,74.94724,12.764274,11.8305855,10.2051115,false,true
2079003,9.492317,2.2926877,18.680662,3.121223,13.849026,1.0972228,29.981392,2.5473914,41.771862,3.309474,14.584372,2.9086082,false,true
2116125,11.311338,3.8862128,27.713022,9.651916,6.2788334,3.7793794,14.00464,4.7770123,18.938412,11.399468,-36.411293,16.096752,false,true
2147797,973.68774,11.042353,500.6133,8.534664,428.2415,3.694064,3774.653,31.020964,1291.6752,11.142138,541.1964,8.103526,false,true
2173563,23.836271,3.8210828,35.01543,4.2978163,9.045116,1.2835404,48.61611,3.8265958,27.28216,3.8714497,17.195807,3.7568808,false,true
2274583,282.96545,5.184621,149.87192,4.512412,196.18669,2.22094,1539.2009,13.223704,591.7443,6.698861,296.2303,5.586375,false,true
2295826,531.94836,6.092078,1609.7488,14.305997,39.026176,0.7339558,1723.2164,13.902145,117.71196,2.2137778,192.78635,3.0927527,false,true
2302919,54.45786,2.3512697,48.797966,2.482998,12.696047,0.54662055,164.52628,2.845686,38.294205,1.6487318,47.414604,1.8836825,false,true
2361505,8.466179,2.563076,3.0474615,2.756196,1.8167534,1.0448655,10.490423,2.7445679,5.4797473,3.151552,-2.81642,3.0585384,false,true
2468371,781.2589,5.6270466,2141.0635,12.734452,73.13926,0.83196753,2453.9211,11.955181,220.60489,2.5094037,339.06296,3.2935,false,true
2548235,347.99005,4.2762713,1028.6913,8.91624,6.7589436,0.4236564,1049.7014,7.5876226,20.386534,1.2778442,75.34895,1.740649,false,true
2597541,14.868316,1.5231777,16.633055,1.5612483,2.4938607,0.31119916,43.227867,1.2570894,7.5220594,0.93864745,12.125887,1.1814103,false,true
2665409,26.264898,1.5980928,21.508116,1.6164814,2.4181523,0.3416157,69.739365,1.7340937,7.2937055,1.0303907,15.550323,1.201922,false,true
3080214,362.4145,6.118772,100.807076,4.658174,165.20012,2.3222973,1441.1973,13.474923,498.28174,7.004577,238.11726,5.784519,false,true
3087047,25.69502,7.5442505,21.450409,4.8356805,11.909686,2.2674408,74.85782,10.426134,35.922363,6.839117,21.824762,5.624656,false,true
3088428,191.16699,3.8715148,495.26492,6.859534,14.541009,0.60635966,618.69104,6.213284,43.859043,1.8289188,100.15972,2.565553,false,true
3132519,28.0045,2.250076,33.987103,2.5134258,6.837115,0.48525095,103.76813,2.3376744,20.622316,1.4636273,28.021189,1.7892832,false,true
3379975,696.16785,8.505668,374.30966,6.666058,282.882,2.8287551,2871.1362,24.544558,853.23737,8.532169,430.666,7.1019893,false,true
3386892,50.6273,3.4350119,138.28017,4.9525056,25.953365,1.5237364,164.1876,4.891407,78.28135,4.595936,76.10367,4.6991386,false,true
3536430,0.92286426,5.979418,-1.7033709,2.0152733,1.0291303,0.71465605,7.9157987,6.5489125,3.1040947,2.1555655,1.1656235,2.0904655,false,true
3547623,406.23413,5.953389,325.39368,6.167125,176.40157,2.2087224,1554.1869,10.769719,532.0678,6.6620092,391.08112,6.5605125,false,true
3556007,-9.387458,13.604978,33.44927,13.72794,1.4106067,5.744607,58.958176,17.929068,4.2547154,17.327042,12.812154,23.23096,false,true
3560717,587.51025,8.378209,122.19814,5.4558043,437.00473,4.276166,3111.521,25.904291,1318.107,12.89789,478.88608,8.376886,false,true
3564057,123.280426,2.6848032,57.459606,2.4294941,75.4974,1.1238077,571.5087,5.089171,227.71759,3.38966,119.84402,2.7331994,false,true
3823355,36.383442,10.296175,27.828821,11.5012045,13.758204,4.705386,60.124683,13.139456,41.49792,14.192514,23.19099,15.695502,false,true
3845089,35.295742,8.691208,35.03061,8.775974,9.529951,4.0178795,79.53378,12.196988,28.744535,12.118839,31.885088,14.160315,false,true
4378481,140.14095,3.4545438,141.17131,3.4910665,35.392353,0.6986608,509.34897,4.986026,106.75151,2.10732,68.63194,1.8283583,false,true
4409321,-1.2074983,2.1060822,-2.3950408,2.2865925,1.2303234,0.54687095,5.039261,1.5654968,3.7109394,1.6494874,1.5296482,1.9288188,false,true
4537067,490.7877,6.555125,900.10895,9.529744,88.27633,1.3385513,1876.5641,13.89038,266.2618,4.037375,246.27702,4.5048094,false,true
4546521,44.19738,2.3406324,19.960693,1.7672899,6.616225,0.42023286,110.95137,2.2331154,19.95606,1.2675179,32.71986,1.4185066,false,true
4546644,329.82303,4.2561116,200.36926,3.3768098,83.880974,0.9151237,1095.6005,8.196,253.0044,2.7602215,117.26619,1.9838483,false,true
4570494,131.34969,3.5408516,15.445998,2.9023547,75.60585,1.3933383,714.1693,7.458767,228.04471,4.2026258,75.88675,2.9876435,false,true
5065099,5.7883406,4.248039,11.174634,3.7559443,5.1953526,1.1933235,7.3690724,4.02144,15.6703825,3.599335,2.9735758,3.1131089,false,true
30358,31.197964,2.2014575,14.230484,2.183637,23.251364,0.7491258,176.10902,3.0260792,70.131485,2.259534,41.61942,2.0318174,false,true
1224,628.91077,8.396683,416.60742,7.4461317,224.21559,2.3354344,2288.8423,16.710491,676.286,7.044202,432.34665,6.345556,false,true
1221,144.16685,2.624069,46.84931,1.8844002,52.60326,0.664894,529.47235,4.5895224,158.66357,2.0054717,68.49191,1.6613197,false,true
2035,63.367805,9.09628,113.887436,9.872132,105.93824,5.095822,261.49014,15.555944,319.5342,15.370159,116.6704,13.384815,false,true
8250,3902.1084,32.971207,1389.6912,20.207075,2016.209,13.441173,16548.145,103.126495,6081.352,40.541634,2157.7368,24.728107,false,true
22381,195.26683,5.4470034,51.76642,5.0805864,162.60512,3.2176642,1268.0482,14.59581,490.45456,9.705209,139.32034,7.693879,false,true
26232,169.7168,3.948725,94.38688,3.7182117,155.54907,2.009349,1032.6138,10.284738,469.1719,6.0606546,240.921,5.0142803,false,true
28033,144.1461,5.5233746,45.76693,5.1240454,145.96613,2.6851294,971.4735,11.549078,440.26752,8.098962,158.77321,6.484533,false,true
27827,23.595984,3.8014696,25.790882,5.236156,23.868626,2.0304823,106.07128,5.5144873,71.993286,6.1243963,44.512703,5.6795335,false,true
28032,180.3277,5.5133767,51.825867,4.5513887,153.49988,2.294766,1131.9751,11.449781,462.99103,6.9215364,164.40901,5.3584414,false,true
34767,368.42102,5.171654,30.319061,2.7119205,145.13927,1.582077,1591.7136,11.726995,437.77353,4.7719045,164.86153,3.2736294,false,true
35249,175.08377,4.96727,57.584854,5.0757937,140.53534,3.3377082,1039.2135,12.789119,423.887,10.067288,193.8391,8.775033,false,true
36699,1259.2721,17.400623,143.76285,10.040088,689.0182,7.7707567,5752.388,52.84012,2078.238,23.43837,736.0907,16.424517,false,true
36907,50.96485,8.168945,81.87686,10.11735,58.70228,4.793713,146.86154,12.851738,177.05962,14.458929,39.743748,12.238954,false,true
37024,103.40638,3.6161401,31.242716,3.1516557,39.15582,1.2253377,301.8553,4.9859214,118.10299,3.6958973,64.02479,3.1602147,false,true
37072,192.13991,5.992562,616.2593,9.473064,76.38155,2.4794705,676.93,10.043371,230.3844,7.478647,277.9875,8.049849,false,true
37466,56.587067,2.4294686,12.738982,2.270007,30.284758,0.93553275,222.93062,3.6804965,91.34582,2.82178,58.97121,2.486595,false,true
37520,741.52423,13.762734,8873.91,82.052155,970.4768,9.364318,3111.597,32.40298,2927.1821,28.244915,823.00195,17.330864,false,true
37845,211.58032,5.3310537,17.519594,3.9503648,69.53524,1.8434575,893.149,10.121303,209.73433,5.560287,66.49968,4.2569923,false,true
39328,115.56819,22.156052,201.5956,15.913687,127.97006,9.477572,894.3268,41.982018,385.98727,28.586515,244.2333,24.046476,false,true
39687,30.765574,7.7934566,-48.669136,18.922945,26.79058,7.9241605,60.89535,11.089694,80.80658,23.901072,-32.828594,31.973673,false,true
39659,113.16542,22.773628,21.992138,22.647137,26.37349,21.300655,149.38922,67.83553,79.54853,64.24762,-17.273567,41.38855,false,true
40051,60.248947,3.9019964,39.41833,4.421488,71.51738,2.1512997,347.14963,7.229648,215.71292,6.48881,138.6591,5.985337,false,true
40251,108.94006,7.5481315,102.5857,9.104051,137.16757,5.1085634,582.62933,15.27352,413.72906,15.408589,164.14436,13.122323,false,true
40273,107.94232,3.0920699,40.563446,2.5906875,35.481415,0.83985895,370.79016,4.4556947,107.02014,2.5332057,77.69086,2.526812,false,true
40644,39.807774,2.5909138,12.275513,2.4080389,26.821127,1.1034715,252.67326,4.868311,80.89871,3.3283212,46.965153,3.018606,false,true
40562,66.290085,14.353124,21.146322,12.283531,6.196882,5.275573,125.80532,19.91065,18.691227,15.912328,3.3996954,15.796288,false,true
40762,80.44498,4.896988,42.60566,6.309861,150.39236,3.5172467,500.9575,10.080144,453.6181,10.608817,214.96448,9.379142,false,true
40973,1932.8446,20.911726,4078.7175,40.92709,163.62027,2.4874337,5972.0137,50.34445,493.5165,7.502666,493.07007,8.162003,false,true
40985,0.40667456,2.3802392,-2.0047448,2.5662205,0.4475692,0.70058817,5.2452517,2.424222,1.3499719,2.1131334,1.061315,2.064863,false,true
41169,22.9759,4.3078847,21.383549,14.181243,7.8573756,5.1001954,33.682564,4.8792553,23.69966,15.383351,25.458838,21.885801,false,true
41339,50.21391,10.314366,32.8299,10.994326,9.160005,4.7344646,86.30019,14.410057,27.62869,14.280222,16.183886,13.821242,false,true
41189,311.8278,5.6297827,125.31883,4.43265,93.32143,1.6270779,958.97815,9.756068,281.47897,4.9076376,217.21083,4.707431,false,true
41763,214.44171,4.3811316,29.767664,2.702692,58.730434,1.1222126,743.41754,7.242578,177.14453,3.3848488,135.97932,3.1209345,false,true
42336,80.27789,2.7109623,69.43088,2.8462489,17.575695,0.69696003,273.63565,3.6546397,53.01236,2.10219,79.54947,2.4164968,false,true
42575,707.1749,8.426188,971.94867,10.649264,140.33844,1.8117448,2184.976,18.39507,423.29312,5.464635,373.25363,5.5977445,false,true
42857,702.55963,10.991051,102.68735,6.841435,300.75177,4.1269155,3280.9082,29.928928,907.1367,12.447716,395.02124,9.750063,false,true
43238,3136.0742,36.449474,1700.5533,29.299845,1402.6338,12.360604,11471.433,108.19623,4230.6675,37.282394,1460.049,23.551268,false,true
42970,19.959278,8.143216,10.194824,7.9742737,3.0591705,3.7548482,35.001373,11.617033,9.227165,11.325478,-23.955883,12.960943,false,true
43186,23.852272,3.3228984,17.307297,4.014287,27.140734,1.6891783,137.5022,4.905257,81.862724,5.094947,20.132154,4.109813,false,true
43331,378.53165,6.4403944,59.03809,3.993292,157.55994,2.3136103,1459.1237,13.534478,475.23712,6.978375,217.668,4.961356,false,true
44014,102.4545,3.0977662,62.434998,3.1017334,40.511093,1.0163302,379.30396,4.822217,122.19081,3.0654833,99.50191,2.9920115,false,true
44908,87.00185,14.288775,103.94374,14.779942,82.7455,8.7651,239.49571,27.585287,249.57951,26.437538,64.98416,21.236069,false,true
46560,222.10756,5.602025,151.13611,5.5875034,451.00046,3.7929733,2236.031,18.238264,1360.3215,11.440472,544.82306,8.516184,false,true
46906,177.21606,17.47705,394.50125,19.287054,249.78487,10.141762,455.26346,29.614674,753.4088,30.589863,167.483,24.791668,false,true
47503,142.60628,4.520498,60.739353,4.496396,90.87629,2.0518086,697.9538,8.5353565,274.10385,6.188722,107.1304,5.213206,false,true
47603,70.229034,4.550086,59.13827,4.978211,379.99692,4.1074066,1371.6718,14.65656,1146.1583,12.388872,285.30847,8.186928,false,true
49347,859.5808,12.007894,424.20856,10.729695,896.2054,6.985213,3358.5085,26.32436,2703.1624,21.068993,430.98785,11.740382,false,true
49380,26.913067,3.7378976,67.56916,7.763603,120.28335,4.2329087,143.38857,6.2705045,362.80234,12.767416,125.96464,10.737644,false,true
49264,29.652594,2.210137,16.127056,2.3944838,27.910017,0.78922313,191.37384,3.2059963,84.18306,2.380477,41.615025,2.2408674,false,true
49618,1368.9707,15.4060955,90.42172,5.4625354,582.1101,4.7672224,6591.816,50.1828,1755.7786,14.379029,590.0809,9.371314,false,true
50942,20.020105,3.3850853,26.326569,4.179048,31.903307,1.769732,118.14866,5.0735517,96.227745,5.3379145,47.59417,4.914019,false,true
51270,12.132551,9.274437,28.57857,15.02386,18.730202,5.7490664,68.183815,10.549097,56.49461,17.34049,7.685108,16.245789,false,true
51275,1.763636,2.035281,10.734725,2.4626863,0.32366145,0.5040968,3.415131,1.7557502,0.97623765,1.5204706,1.7429597,1.5002247,false,true
51344,165.76167,3.9542613,52.131184,3.104302,62.13974,1.0886724,581.9961,5.7778535,187.42781,3.2836835,98.22185,2.737268,false,true
51439,12.661212,1.8858893,6.15832,1.9466218,10.623873,0.7167772,67.13987,2.37883,32.044052,2.1619635,13.884484,1.9122423,false,true
51433,14.567086,5.2831497,45.021713,6.1396527,26.855732,2.399993,80.83324,7.273064,81.00309,7.2389245,33.864384,6.588532,false,true
51895,32.898613,0.7130664,17.245487,0.5753362,17.92482,0.2302043,199.46776,1.918148,54.06539,0.6943485,39.72424,0.679778,false,true
52291,586.7245,6.6371646,459.6169,5.5809445,186.05006,1.5926044,2653.327,17.45912,561.17,4.803657,411.2771,4.7267404,false,true
52752,44.812004,19.052578,39.85329,19.153734,1.4550637,9.751987,99.889656,30.623735,4.388808,29.414217,7.595705,34.113914,false,true
53231,35.786106,2.690535,12.128513,2.8906004,17.309017,0.82599986,137.36925,3.0762417,52.20799,2.4914038,51.415962,2.540013,false,true
54117,135.21124,8.263153,164.27812,11.100925,166.56078,5.8631873,527.9299,15.827285,502.38577,17.684708,282.88675,15.928829,false,true
55637,58.904366,2.8423998,23.634201,2.7447424,26.091442,0.81338334,221.73741,3.1440573,78.69782,2.453349,58.809025,2.1906528,false,true
67205,77.835144,3.8731291,20.295507,3.6761277,45.49766,1.519337,340.74197,5.9011574,137.23146,4.5826664,48.565983,3.8200612,false,true
69997,8.995365,7.111303,20.958443,9.128949,17.378681,3.961389,51.93821,10.416001,52.418114,11.948451,-1.9711435,10.529742,false,true
2790838,25.858763,9.365004,6.4087634,3.1619737,0.88840735,1.3440756,43.044086,11.880326,2.6796415,4.054038,-0.62564915,3.9798493,false,true
34257,0.0,-0.7305748,0.0,-0.7305748,0.0,-0.7305748,0.0,-0.7305748,0.0,-0.7305748,0.0,-0.7305748,false,true
40455,0.056675166,1.3561666,-0.7629955,1.6418699,0.9865501,0.50828207,-1.7358354,1.1204151,2.975663,1.5330945,-1.7304558,1.4591254,false,true
59947,200.15352,13.030839,174.04463,12.163552,354.2427,7.31873,545.52155,21.679735,1068.4778,22.074953,329.66113,17.714825,false,true
